"","ca","dm","ff","uk","jp"
"1",0.977,2.575,4.818,0.41997,301.5
"2",0.9768,2.615,4.806,0.424,302.4
"3",0.9776,2.63,4.825,0.42976,303.2
"4",0.9882,2.663,4.796,0.43241,301.9
"5",0.9864,2.654,4.818,0.43185,302.7
"6",0.9876,2.663,4.791,0.43163,302.5
"7",0.9876,2.649,4.787,0.43169,296
"8",0.9828,2.66,4.756,0.43187,295.5
"9",0.9842,2.652,4.752,0.4283,298.6
"10",0.9788,2.589,4.74,0.42726,299.4
"11",0.982,2.581,4.72,0.42885,299.2
"12",0.9836,2.575,4.695,0.42878,300
"13",0.9844,2.574,4.676,0.4283,299.9
"14",0.9854,2.552,4.704,0.42617,300.8
"15",0.9912,2.559,4.865,0.43363,300.2
"16",0.9858,2.521,4.626,0.43039,299.8
"17",0.9866,2.467,4.619,0.43063,300
"18",0.9864,2.491,4.493,0.43029,300
"19",0.9856,2.466,4.485,0.43057,299.9
"20",0.9892,2.427,4.459,0.42775,300.45
"21",0.9884,2.433,4.462,0.4279,300.95
"22",0.9916,2.421,4.4105,0.42801,300.62
"23",0.9938,2.3845,4.4256,0.42553,300.5
"24",0.9952,2.3975,4.305,0.42597,300.9
"25",0.9936,2.34,4.355,0.42159,300.75
"26",0.9966,2.343,4.36825,0.4212,298.5
"27",0.9988,2.382,4.329375,0.421585,297.15
"28",1.0016,2.35,4.279375,0.419745,292
"29",1.0022,2.3175,4.19375,0.417258,293.5
"30",0.9966,2.294,4.18525,0.413479,285.5
"31",0.9974,2.3035,4.199,0.412439,285.1
"32",1.0006,2.3095,4.181,0.412677,287.2
"33",0.9996,2.307,4.212,0.412286,288.4
"34",1.0018,2.336,4.18875,0.414507,291.5
"35",1.0022,2.3324,4.20875,0.4152,291.3
"36",1.0052,2.361,4.199,0.41983,291.8
"37",1.0118,2.3878,4.16075,0.42321,291.3
"38",1.0162,2.3727,4.13688,0.42421,292.8
"39",1.0192,2.378,4.07125,0.42497,293.3
"40",1.026,2.366,4.036,0.427423,291.3
"41",1.0324,2.3305,4.03062,0.432994,291.5
"42",1.0268,2.3395,3.96875,0.432956,292.1
"43",1.0278,2.3285,3.999,0.429553,290.85
"44",1.0276,2.337,4.0065,0.430979,291.2
"45",1.0238,2.335,3.98715,0.434405,291.95
"46",1.0246,2.3328,3.99,0.440063,294
"47",1.0266,2.3376,4.0935,0.443361,296.3
"48",1.03,2.376,4.1235,0.453926,295.4
"49",1.031,2.394,4.205,0.453063,295.7
"50",1.0314,2.4795,4.34525,0.458211,295.95
"51",1.032,2.5341,4.363,0.459559,296.6
"52",1.03,2.5588,4.35763,0.459982,296.5
"53",1.0324,2.565,4.395,0.468384,298
"54",1.0372,2.5875,4.33625,0.475285,297.99
"55",1.0372,2.5563,4.3795,0.470876,298
"56",1.035,2.5783,4.39125,0.476631,298
"57",1.0302,2.5755,4.4025,0.472925,297.8
"58",1.0274,2.5822,4.475,0.473799,297.99
"59",1.0254,2.6225,4.5735,0.47957,298
"60",1.0234,2.667,4.487,0.488759,302.7
"61",1.0252,2.6324,4.44625,0.491666,302.7
"62",1.0266,2.6022,4.41563,0.489812,303
"63",1.03,2.5875,4.355,0.487567,302.7
"64",1.0286,2.5535,4.39075,0.483723,301.1
"65",1.0204,2.5727,4.37625,0.48398,301.65
"66",1.017,2.5675,4.38025,0.484097,301.95
"67",1.0128,2.5716,4.42875,0.48452,302.5
"68",1.0126,2.5935,4.4385,0.490894,303
"69",1.0118,2.6111,4.4415,0.49169,303
"70",1.0126,2.612,4.4565,0.494878,305
"71",1.0126,2.6267,4.47038,0.494291,306.4
"72",1.0138,2.634,4.457,0.494608,305.6
"73",1.0142,2.618,4.479,0.49429,305.65
"74",1.0164,2.6223,4.445,0.494194,305.15
"75",1.0122,2.6,4.47525,0.491666,305
"76",1.0068,2.606,4.50025,0.494119,305.4
"77",1.0032,2.6058,4.48338,0.493754,303.7
"78",1,2.5995,4.46125,0.492926,303.55
"79",0.9978,2.575,4.45375,0.492393,303
"80",0.9956,2.546,4.467,0.493291,300.4
"81",0.9936,2.5565,4.48038,0.49351,301.85
"82",0.9884,2.555,4.4945,0.493705,301.8
"83",0.9884,2.569,4.52775,0.493974,301.7
"84",0.984,2.5672,4.71925,0.517143,301.35
"85",0.9846,2.5568,4.69625,0.52233,300.5
"86",0.9848,2.5548,4.669,0.518995,299.8
"87",0.9842,2.5383,4.6685,0.522002,299.7
"88",0.9806,2.5413,4.668,0.535619,298.8
"89",0.9886,2.5351,4.67125,0.539433,298.5
"90",0.9814,2.537,4.67225,0.541477,298.9
"91",0.9822,2.5388,4.678,0.54609,299.2
"92",0.9806,2.532,4.684,0.545703,289
"93",0.9792,2.5508,4.7235,0.543685,298.45
"94",0.9796,2.5734,4.72575,0.553342,299.25
"95",0.981,2.5856,4.738,0.560601,299.6
"96",0.9766,2.5923,4.73125,0.581734,300.9
"97",0.9782,2.5627,4.729,0.565419,299.95
"98",0.9742,2.5691,4.74275,0.560601,299.8
"99",0.9682,2.5732,4.74025,0.563698,298.9
"100",0.9686,2.5742,4.75125,0.561388,297.4
"101",0.969,2.5795,4.79625,0.553986,296.2
"102",0.9716,2.575,4.907,0.560538,293
"103",0.9734,2.5767,4.8905,0.560915,293.7
"104",0.9744,2.5739,4.91925,0.560507,293.6
"105",0.9832,2.5406,4.98563,0.558005,292.9
"106",0.9874,2.5382,4.97525,0.559003,292.75
"107",0.9866,2.509,4.985,0.56013,288
"108",0.9852,2.5223,4.91975,0.564748,288.5
"109",0.9766,2.523,4.92875,0.563285,289
"110",0.9776,2.521,4.90425,0.56494,287.8
"111",0.975,2.4911,4.8815,0.578302,286.3
"112",0.9746,2.4685,4.9195,0.583294,288.6
"113",0.9722,2.463,4.92725,0.60042,287.5
"114",0.9744,2.4383,5.02025,0.60931,287.5
"115",0.9728,2.4302,4.9645,0.605217,289.3
"116",0.9724,2.4212,5.00375,0.607238,292.3
"117",0.9714,2.4062,4.981,0.626174,293.6
"118",0.973,2.4016,4.98125,0.627628,295.2
"119",0.9762,2.4192,4.98525,0.610836,294.5
"120",0.9796,2.4205,4.9865,0.60573,295.2
"121",0.992,2.4017,5.00075,0.605327,295.2
"122",1.0344,2.4138,4.99825,0.600962,296.8
"123",1.0238,2.3989,4.98825,0.59891,296.55
"124",1.016,2.3953,4.987,0.594707,295.6
"125",1.0148,2.3686,4.959,0.594318,293.9
"126",1.0132,2.3621,4.9305,0.588062,292
"127",1.0017,2.3475,4.97175,0.584112,292
"128",1.0046,2.3741,4.98588,0.586235,292.3
"129",1.0115,2.4088,4.98075,0.581971,289.9
"130",1.0164,2.4322,4.98225,0.581546,288.5
"131",1.023,2.4215,4.97075,0.582581,288.1
"132",1.0222,2.4078,4.9715,0.582615,287
"133",1.0263,2.4,4.98675,0.58596,284.7
"134",1.0326,2.3982,4.9755,0.585138,283.3
"135",1.0429,2.3921,4.985,0.583942,282.4
"136",1.0483,2.389,4.987,0.581869,282.1
"137",1.0519,2.3958,4.977,0.581598,281.9
"138",1.0525,2.3882,4.96875,0.582377,278.8
"139",1.0544,2.3916,4.96625,0.581159,276.8
"140",1.0545,2.3876,4.96825,0.581632,273.1
"141",1.0515,2.3679,4.95875,0.581598,271.9
"142",1.0469,2.3724,4.961,0.581564,277
"143",1.0482,2.3686,4.949,0.581497,278.4
"144",1.0466,2.3533,4.96,0.581497,278.4
"145",1.0482,2.3708,4.95325,0.5817,277.5
"146",1.0472,2.3545,4.94875,0.581869,277.5
"147",1.0502,2.3559,4.942,0.582004,277.75
"148",1.0537,2.3608,4.944,0.581734,277.3
"149",1.0539,2.3583,4.94275,0.581835,275.3
"150",1.0557,2.3564,4.9405,0.5817,273.3
"151",1.0595,2.3563,4.92275,0.581598,271.6
"152",1.0622,2.34,4.87575,0.581058,268.7
"153",1.059,2.3169,4.85975,0.581125,263.5
"154",1.0597,2.2793,4.816,0.58126,264.3
"155",1.0608,2.2593,4.815,0.58126,264.35
"156",1.0661,2.2544,4.8425,0.581193,264.8
"157",1.0744,2.285,4.89575,0.574878,266.3
"158",1.0783,2.319,4.91575,0.575142,265.85
"159",1.0752,2.3259,4.88875,0.574284,267.4
"160",1.0718,2.3121,4.9055,0.574284,266.8
"161",1.0747,2.3219,4.907,0.573756,267.3
"162",1.074,2.3183,4.943,0.573855,267.4
"163",1.0729,2.3321,4.9265,0.573296,267.2
"164",1.0717,2.3207,4.923,0.574053,266.95
"165",1.0732,2.3288,4.8965,0.573329,266.9
"166",1.0817,2.304,4.8795,0.569055,261
"167",1.091,2.3001,4.842,0.567956,257.5
"168",1.1037,2.2635,4.8485,0.563285,252.4
"169",1.1121,2.2624,4.819,0.562303,251.6
"170",1.1058,2.24,4.8685,0.543863,247
"171",1.1133,2.2531,4.86,0.549119,246.9
"172",1.1089,2.251,4.846,0.550237,245.35
"173",1.111,2.228,4.8585,0.549692,240
"174",1.1074,2.2278,4.8395,0.550964,245.7
"175",1.0989,2.172,4.784,0.547795,240.7
"176",1.097,2.1227,4.756,0.540979,240.4
"177",1.0933,2.1247,4.7175,0.531067,240.7
"178",1.0932,2.0625,4.623,0.505306,237
"179",1.1006,2.1155,4.709,0.518618,241.25
"180",1.1001,2.1351,4.758,0.521023,242.1
"181",1.1067,2.108,4.703,0.512952,241.5
"182",1.1085,2.1116,4.74675,0.513057,241.55
"183",1.11,2.106,4.893,0.519696,241.6
"184",1.1135,2.0845,4.8485,0.515652,240.6
"185",1.1162,2.0423,4.8115,0.514245,238.9
"186",1.117,1.992,4.7075,0.51406,238
"187",1.1259,2.008,4.7755,0.516102,235
"188",1.1232,2.0532,4.731,0.524301,233.7
"189",1.1262,2.0431,4.67625,0.526843,230.7
"190",1.1352,2.025,4.6145,0.530279,222.6
"191",1.1405,2.025,4.585,0.535762,219.3
"192",1.1478,2.0122,4.5435,0.532085,218.4
"193",1.1478,2.0422,4.592,0.541888,221.9
"194",1.1343,2.0767,4.6185,0.550479,226.5
"195",1.1277,2.0787,4.6035,0.547196,225.75
"196",1.1196,2.0919,4.6355,0.550449,225.5
"197",1.1105,2.128,4.6865,0.553097,228.3
"198",1.1148,2.1292,4.6735,0.55145,229
"199",1.123,2.1108,4.607,0.548787,223.4
"200",1.1214,2.0906,4.60975,0.548607,221
"201",1.121,2.085,4.589,0.545613,216.9
"202",1.1241,2.0778,4.5825,0.541917,209.5
"203",1.1245,2.0714,4.5285,0.539607,205.3
"204",1.1213,2.0528,4.448,0.53476,200.7
"205",1.1226,2.0573,4.4715,0.531689,202.7
"206",1.1242,2.0615,4.4635,0.529886,201.8
"207",1.1239,2.052,4.4025,0.519697,194.5
"208",1.1395,2.0459,4.37925,0.519669,185.7
"209",1.1362,1.9732,4.3555,0.513611,186.9
"210",1.1381,1.9484,4.236,0.505,183.8
"211",1.139,2.0175,4.4155,0.521458,192.5
"212",1.1505,1.9855,4.354,0.514456,189.7
"213",1.1545,1.9853,4.3485,0.51581,189.4
"214",1.1617,1.9942,4.3715,0.513294,191.8
"215",1.1699,1.9582,4.366,0.504108,190
"216",1.1775,1.9385,4.365,0.506278,189.2
"217",1.1853,1.896,4.2735,0.504159,186.9
"218",1.1854,1.8805,4.281,0.502159,187
"219",1.1822,1.83,4.212,0.500775,182.3
"220",1.1829,1.782,4.1495,0.493949,180.2
"221",1.1658,1.7735,4.2755,0.486263,178.5
"222",1.1728,1.8762,4.273,0.507357,188.5
"223",1.1782,1.892,4.3405,0.507949,189.3
"224",1.1727,1.9153,4.4205,0.513795,194.9
"225",1.1735,1.9284,4.423,0.5134,196.9
"226",1.1729,1.9163,4.407,0.512531,197.7
"227",1.1774,1.9096,4.385,0.507666,196.2
"228",1.1832,1.8343,4.202,0.497018,192.9
"229",1.1879,1.8283,4.194,0.493097,195
"230",1.1917,1.8364,4.2175,0.495295,196.9
"231",1.1886,1.8529,4.252,0.498629,196.8
"232",1.1893,1.836,4.219,0.497315,196.6
"233",1.1902,1.8466,4.241,0.501077,198.1
"234",1.2007,1.8616,4.2745,0.501102,201.3
"235",1.1937,1.8469,4.2485,0.497909,198
"236",1.1932,1.8565,4.276,0.4996,200.3
"237",1.1957,1.8565,4.2825,0.498206,201.7
"238",1.1936,1.8515,4.269,0.494218,202.2
"239",1.1859,1.856,4.2845,0.493267,204.4
"240",1.1724,1.8614,4.284,0.4901,208.3
"241",1.1677,1.8675,4.2985,0.491256,206.9
"242",1.1642,1.8624,4.289,0.486997,207
"243",1.1545,1.8827,4.324,0.483746,216.7
"244",1.1468,1.8974,4.3545,0.476327,212.6
"245",1.1417,1.897,4.3623,0.480423,217.6
"246",1.1414,1.8939,4.354,0.486618,218.5
"247",1.1421,1.8995,4.3688,0.484027,224.5
"248",1.1606,1.896,4.3745,0.483905,216.4
"249",1.1567,1.9065,4.4058,0.485673,214.7
"250",1.1565,1.9197,4.4393,0.488329,219.8
"251",1.1612,1.9191,4.4415,0.485861,222.5
"252",1.1743,1.9159,4.4313,0.481186,220.7
"253",1.1723,1.9108,4.4265,0.477213,220
"254",1.1746,1.8597,4.313,0.470367,218.7
"255",1.1641,1.8476,4.285,0.463499,216
"256",1.1631,1.8367,4.2705,0.448732,217.4
"257",1.1604,1.8265,4.2545,0.447267,210.95
"258",1.1643,1.8031,4.199,0.436967,216
"259",1.1661,1.8145,4.229,0.431816,214.5
"260",1.1724,1.8287,4.2565,0.444781,216.9
"261",1.1708,1.8325,4.252,0.451467,216.5
"262",1.173,1.8298,4.2663,0.446608,216.75
"263",1.1674,1.831,4.2613,0.450938,217.75
"264",1.1719,1.8316,4.2688,0.444741,221.5
"265",1.1694,1.8208,4.246,0.445831,221.7
"266",1.162,1.8116,4.2295,0.449458,222.2
"267",1.1651,1.8066,4.2235,0.466962,223.8
"268",1.167,1.7688,4.153,0.460851,222.5
"269",1.1631,1.7495,4.1185,0.457457,225.2
"270",1.1734,1.7865,4.1925,0.461148,226
"271",1.1765,1.7954,4.2115,0.465419,232.9
"272",1.1837,1.8035,4.2235,0.474383,234.7
"273",1.1846,1.8066,4.2143,0.481672,237.7
"274",1.1848,1.7869,4.196,0.478698,239.8
"275",1.1827,1.7823,4.1805,0.474947,246
"276",1.1737,1.7565,4.1208,0.459559,247
"277",1.1731,1.7435,4.1025,0.461681,249.7
"278",1.1663,1.7375,4.0905,0.458253,247.5
"279",1.1616,1.7295,4.062,0.453823,237
"280",1.1764,1.7324,4.053,0.454112,239.8
"281",1.1755,1.7239,4.0475,0.449539,238.5
"282",1.1659,1.7145,4.0135,0.449135,237.5
"283",1.1686,1.7127,4.011,0.442478,236
"284",1.1641,1.7306,4.0555,0.438789,238.7
"285",1.1604,1.7303,4.055,0.43956,239.4
"286",1.1616,1.734,4.0595,0.442008,239.3
"287",1.1598,1.7414,4.078,0.435104,240.25
"288",1.1613,1.7374,4.067,0.433539,241.8
"289",1.1551,1.746,4.0915,0.43929,246
"290",1.1454,1.7649,4.1428,0.437311,248
"291",1.147,1.7897,4.1975,0.447127,247.6
"292",1.167,1.8017,4.224,0.447367,247.4
"293",1.176,1.876,4.367,0.459996,249
"294",1.188,1.8902,4.3873,0.454215,248.95
"295",1.1904,1.9664,4.526,0.466114,258
"296",1.1816,1.896,4.379,0.460087,257.8
"297",1.1873,1.8908,4.3755,0.45498,252.5
"298",1.1802,1.842,4.2893,0.443656,248.7
"299",1.1878,1.8015,4.2035,0.441306,239
"300",1.1847,1.785,4.1778,0.437158,230.8
"301",1.1748,1.7914,4.205,0.43735,228.3
"302",1.1591,1.7926,4.1728,0.433107,226.3
"303",1.1624,1.7717,4.134,0.423191,222.7
"304",1.1585,1.7757,4.156,0.430942,221.9
"305",1.1468,1.7635,4.1103,0.428137,217
"306",1.1495,1.7636,4.1075,0.429129,215.9
"307",1.1527,1.7692,4.105,0.428596,216.8
"308",1.1468,1.7615,4.083,0.423639,219.4
"309",1.1454,1.7362,4.032,0.421248,219.3
"310",1.1515,1.7476,4.0575,0.42187,219.4
"311",1.1538,1.7396,4.036,0.419041,223.2
"312",1.1668,1.7621,4.0875,0.421834,225.8
"313",1.1562,1.7708,4.099,0.422279,225.9
"314",1.1594,1.7754,4.1165,0.420504,223
"315",1.1609,1.7892,4.1638,0.422744,224.3
"316",1.1588,1.8011,4.182,0.418866,218.7
"317",1.1581,1.7804,4.1395,0.413822,216.3
"318",1.1618,1.7804,4.1395,0.416667,216.85
"319",1.1708,1.7812,4.1425,0.418253,211.1
"320",1.1656,1.8006,4.18,0.416025,215.5
"321",1.1707,1.8055,4.1835,0.418848,209.5
"322",1.1681,1.8033,4.1825,0.417955,207.8
"323",1.165,1.8333,4.2345,0.415438,207.1
"324",1.1677,1.8691,4.3125,0.410576,208.5
"325",1.1742,1.8942,4.3575,0.409618,211
"326",1.1842,1.9442,4.475,0.409584,211.9
"327",1.1889,1.9052,4.421,0.418235,212.3
"328",1.185,1.905,4.4248,0.418148,213
"329",1.1879,1.9178,4.452,0.421408,214.2
"330",1.1943,1.9445,4.5055,0.427095,214.6
"331",1.1997,1.9993,4.6195,0.427991,208.6
"332",1.2075,2.0015,4.654,0.431034,208.7
"333",1.1914,1.958,4.518,0.421941,207.8
"334",1.1879,1.9401,4.4915,0.413138,199.7
"335",1.1908,1.9925,4.6115,0.417711,203.2
"336",1.1892,1.9885,4.606,0.412201,199.9
"337",1.1944,2.0845,4.8065,0.415662,203.1
"338",1.1952,2.1318,4.901,0.42526,204.5
"339",1.1965,2.1493,4.957,0.428266,204.5
"340",1.2033,2.1645,5.0115,0.440044,206
"341",1.1975,2.1018,4.9325,0.448129,207.15
"342",1.2026,2.1222,4.9995,0.451467,208.9
"343",1.1993,2.1117,4.99,0.449741,207.6
"344",1.1818,2.0647,4.87,0.440432,206.5
"345",1.1833,2.088,4.9215,0.441696,209.1
"346",1.1831,2.0966,4.9495,0.44611,212.1
"347",1.1848,2.1233,5.0105,0.453576,212.9
"348",1.1972,2.1736,5.1295,0.461894,216.2
"349",1.1933,2.1749,5.1455,0.460448,217.95
"350",1.1971,2.2043,5.2265,0.466744,215
"351",1.1989,2.2577,5.335,0.472144,217.2
"352",1.2011,2.286,5.5125,0.477897,219.2
"353",1.2015,2.288,5.5065,0.478469,222.3
"354",1.2022,2.344,5.543,0.484543,224.3
"355",1.207,2.3615,5.599,0.495909,223.4
"356",1.2024,2.37,5.643,0.508776,227.5
"357",1.2051,2.3863,5.562,0.499875,220.75
"358",1.1994,2.3685,5.695,0.503474,223
"359",1.2025,2.4074,5.7455,0.523697,227.6
"360",1.2058,2.4645,5.825,0.528961,229.1
"361",1.2038,2.4275,5.77,0.53234,231
"362",1.2127,2.447,5.8225,0.539229,234.7
"363",1.2269,2.4445,5.804,0.540979,237.7
"364",1.2422,2.506,5.9815,0.5527,240
"365",1.2291,2.5435,6.075,0.559128,234
"366",1.2117,2.49,5.9575,0.544514,230.3
"367",1.2142,2.4875,5.9625,0.545108,230.3
"368",1.1958,2.437,5.835,0.543036,230.3
"369",1.2089,2.43,5.822,0.559816,233
"370",1.2022,2.3254,5.587,0.541712,228.7
"371",1.1982,2.2822,5.439,0.546448,228.4
"372",1.2068,2.3225,5.567,0.555401,232.7
"373",1.1988,2.2165,5.5585,0.536913,230.2
"374",1.2011,2.2275,5.5905,0.539374,229.3
"375",1.2054,2.2545,5.6555,0.547495,232.8
"376",1.2074,2.299,5.7685,0.550206,235
"377",1.1968,2.207,5.555,0.531943,228.7
"378",1.1898,2.2138,5.583,0.532481,229.4
"379",1.1795,2.2255,5.6715,0.528123,224.2
"380",1.1798,2.2277,5.62,0.519669,215.1
"381",1.1774,2.228,5.634,0.513215,215.5
"382",1.1832,2.2449,5.669,0.520156,218.2
"383",1.1921,2.27,5.756,0.527704,217.9
"384",1.1816,2.2775,5.767,0.527537,220.1
"385",1.1857,2.2479,5.707,0.519805,218.45
"386",1.1903,2.2809,5.793,0.532481,223.2
"387",1.1945,2.304,5.869,0.53042,225.5
"388",1.197,2.309,5.868,0.533134,228.5
"389",1.2072,2.344,5.965,0.534616,233.1
"390",1.2143,2.3665,6.0075,0.540249,236
"391",1.2183,2.387,6.0635,0.543981,239.3
"392",1.2201,2.3608,6.0195,0.546568,234.4
"393",1.2246,2.3684,6.0535,0.549209,236
"394",1.2128,2.3623,6.0515,0.55209,238.2
"395",1.2153,2.3754,6.133,0.553189,242.2
"396",1.2238,2.3815,6.2295,0.553189,243.1
"397",1.2303,2.4142,6.242,0.561262,246.5
"398",1.2324,2.4082,6.267,0.568343,247.5
"399",1.224,2.4162,6.2815,0.56638,246.75
"400",1.2224,2.3925,6.245,0.564462,243.6
"401",1.2258,2.354,6.1465,0.561451,236.85
"402",1.223,2.3248,6.0625,0.554816,233.4
"403",1.2394,2.2765,5.951,0.542446,232
"404",1.2367,2.3159,6.0015,0.555555,237.4
"405",1.2367,2.3133,6.007,0.555247,239.7
"406",1.2454,2.386,6.214,0.560758,244.4
"407",1.2642,2.4152,6.301,0.564016,247.8
"408",1.2828,2.4305,6.739,0.569314,251.4
"409",1.2989,2.486,6.8955,0.57971,255.8
"410",1.293,2.4598,6.829,0.575275,254
"411",1.2965,2.5145,6.9695,0.584795,259.8
"412",1.2713,2.4955,6.9415,0.57971,257.4
"413",1.2535,2.4407,6.793,0.573625,253.8
"414",1.2609,2.4397,6.7975,0.571951,252.75
"415",1.2533,2.4773,6.8835,0.577167,258.1
"416",1.2535,2.5252,7.024,0.589692,264
"417",1.2403,2.4745,6.8925,0.57867,261.9
"418",1.2337,2.4218,6.815,0.566219,252.4
"419",1.2373,2.4975,7.0115,0.582751,260.1
"420",1.2365,2.4881,7.033,0.580383,257.45
"421",1.2357,2.4998,7.06,0.583363,264.5
"422",1.2282,2.4952,7.05,0.58292,264.5
"423",1.2336,2.5272,7.13,0.588963,268
"424",1.2384,2.5464,7.1945,0.591891,274.8
"425",1.2285,2.5064,7.088,0.58326,266.3
"426",1.228,2.5265,7.1245,0.588651,268.8
"427",1.2277,2.5381,7.162,0.592487,274.3
"428",1.221,2.5533,7.196,0.595061,277.4
"429",1.2206,2.5717,7.2695,0.600709,269.7
"430",1.2256,2.5652,7.24725,0.625978,263.55
"431",1.2288,2.5355,7.1655,0.627274,254.2
"432",1.2411,2.4584,6.95775,0.612445,249.5
"433",1.2414,2.4351,6.905,0.61177,241.6
"434",1.2385,2.4453,6.9335,0.619003,245.3
"435",1.2376,2.3975,6.8025,0.620617,241.5
"436",1.2393,2.3667,6.707,0.616333,233.7
"437",1.2294,2.349,6.658,0.616219,228.7
"438",1.2229,2.3499,6.665,0.633553,230.7
"439",1.225,2.4158,6.8465,0.637146,233.7
"440",1.237,2.4153,6.825,0.646872,236
"441",1.2382,2.4835,7.0355,0.658111,239.8
"442",1.2262,2.4247,6.872,0.647878,238
"443",1.2234,2.4085,6.839,0.649773,233.9
"444",1.2296,2.4236,6.8845,0.659196,235.1
"445",1.2254,2.426,6.8755,0.662032,238.1
"446",1.2274,2.409,6.85,0.664584,239.3
"447",1.2224,2.3867,6.825,0.663174,237.7
"448",1.2274,2.4233,7.2725,0.684791,239.05
"449",1.2307,2.4234,7.2695,0.686719,239.8
"450",1.2344,2.411,7.2315,0.662032,237.6
"451",1.2343,2.4255,7.278,0.646831,238.2
"452",1.2344,2.4595,7.3775,0.642674,237.3
"453",1.2274,2.4527,7.357,0.638325,236.6
"454",1.2255,2.4448,7.392,0.631672,236.7
"455",1.2258,2.4409,7.37,0.637552,230.7
"456",1.231,2.4595,7.4065,0.64041,232.75
"457",1.2323,2.4877,7.471,0.633232,236.2
"458",1.2308,2.5411,7.637,0.62751,239.5
"459",1.2356,2.5736,7.7425,0.635163,241.7
"460",1.2373,2.5746,7.7455,0.660939,242.85
"461",1.2277,2.5228,7.593,0.654707,237.85
"462",1.2285,2.5398,7.6255,0.653467,238.8
"463",1.2309,2.5672,7.7135,0.650872,240.35
"464",1.2325,2.5915,7.8115,0.654279,240.6
"465",1.2324,2.5808,7.7625,0.657073,240
"466",1.2331,2.623,7.886,0.654193,240.7
"467",1.2334,2.6613,8.0035,0.664761,242.4
"468",1.2369,2.712,8.169,0.672766,245.4
"469",1.2329,2.6473,7.965,0.662032,244.05
"470",1.2295,2.6423,7.956,0.656814,243.4
"471",1.2337,2.7068,8.1495,0.669658,246.6
"472",1.2317,2.6936,8.1165,0.669075,246.4
"473",1.2336,2.6833,8.1035,0.670107,244.45
"474",1.2323,2.666,8.059,0.664011,242.4
"475",1.2332,2.6382,8.011,0.667245,237.2
"476",1.2311,2.5965,7.9335,0.672766,231.5
"477",1.2328,2.6118,7.989,0.667067,233.6
"478",1.2312,2.5899,7.923,0.66778,232.8
"479",1.2326,2.6131,7.97,0.667869,232.45
"480",1.2329,2.651,8.07,0.673673,234.4
"481",1.2356,2.6747,8.137,0.674309,236.8
"482",1.2367,2.6925,8.137,0.672766,234.55
"483",1.238,2.691,8.196,0.679995,235.3
"484",1.2392,2.697,8.202,0.682734,234
"485",1.2446,2.7347,8.305,0.691133,233.8
"486",1.2506,2.7685,8.475,0.706414,236
"487",1.249,2.7705,8.4725,0.704077,234.95
"488",1.2459,2.7538,8.416,0.69735,233.7
"489",1.2488,2.7865,8.5295,0.705816,233.5
"490",1.2522,2.8258,8.64,0.713572,234.1
"491",1.2484,2.817,8.614,0.710227,234.2
"492",1.2477,2.8253,8.641,0.714184,234.25
"493",1.2473,2.802,8.573,0.711136,234.7
"494",1.2464,2.7493,8.449,0.705617,233.9
"495",1.245,2.695,8.308,0.69667,233.6
"496",1.2478,2.6708,8.236,0.690131,233.5
"497",1.252,2.6058,8.025,0.671592,233.5
"498",1.2602,2.5391,7.831,0.674309,221.7
"499",1.2742,2.5484,7.8545,0.677277,223.3
"500",1.2769,2.6568,8.1805,0.700133,226.3
"501",1.2794,2.6035,8.0065,0.692185,224.5
"502",1.2795,2.62,8.064,0.699692,225.2
"503",1.2777,2.619,8.052,0.697058,225.25
"504",1.2805,2.6434,8.135,0.703928,224.45
"505",1.2792,2.6836,8.248,0.709019,225.6
"506",1.2915,2.7296,8.38175,0.715308,227.1
"507",1.2949,2.7769,8.5315,0.72338,229.1
"508",1.2943,2.7362,8.4055,0.716332,231.1
"509",1.2951,2.7388,8.4425,0.720825,232.75
"510",1.2942,2.7333,8.316,0.722804,231.9
"511",1.2993,2.6847,8.2575,0.716178,230.2
"512",1.3008,2.7168,8.3575,0.721501,232.3
"513",1.3008,2.7573,8.4715,0.727537,232.9
"514",1.3154,2.7805,8.533,0.737844,236.75
"515",1.3232,2.8107,8.627,0.747496,239.5
"516",1.3334,2.8447,8.7325,0.765404,242.6
"517",1.3314,2.8515,8.7565,0.759474,243.35
"518",1.3134,2.8671,8.801,0.754945,246
"519",1.3085,2.9168,8.9445,0.768699,246.3
"520",1.3037,2.9179,8.9485,0.765873,245.3
"521",1.3042,2.8787,8.7805,0.756888,241.15
"522",1.3004,2.8889,8.864,0.762369,242.3
"523",1.2987,2.8815,8.845,0.763359,241.45
"524",1.3044,2.9453,9.0485,0.778877,244.15
"525",1.3139,2.9923,9.185,0.781739,244.7
"526",1.3171,3.085,9.472,0.806582,245.65
"527",1.3176,3.0895,9.4795,0.815461,246
"528",1.3117,3.0195,9.256,0.800641,245.2
"529",1.3168,3.0976,9.4935,0.816327,247.7
"530",1.3269,3.11,9.52,0.830703,249.45
"531",1.3153,3.0274,9.276,0.830358,244.1
"532",1.3147,3.0296,9.066,0.821423,245.25
"533",1.3108,2.9125,8.959,0.785176,242.5
"534",1.316,2.949,9.062,0.782271,241.55
"535",1.3177,2.9895,9.25,0.812678,244.7
"536",1.3235,3.0768,9.441,0.83605,245.55
"537",1.3216,3.0643,9.3875,0.824402,246.2
"538",1.3206,3.0895,9.472,0.835422,247
"539",1.3194,3.09,9.464,0.848176,246.8
"540",1.3207,3.1375,9.58,0.85492,249
"541",1.3225,3.1727,9.72,0.87382,252.5
"542",1.3202,3.1672,9.6975,0.876271,254.85
"543",1.3244,3.1833,9.746,0.892061,254.9
"544",1.3257,3.1739,9.7105,0.894134,254.25
"545",1.3272,3.167,9.681,0.88968,254.35
"546",1.3348,3.223,9.845,0.899119,259.7
"547",1.3403,3.2894,10.0555,0.918527,263.4
"548",1.3515,3.3232,10.1625,0.915164,261.05
"549",1.38,3.315,10.175,0.917431,260.2
"550",1.4002,3.4235,10.4805,0.944465,261.3
"551",1.3881,3.354,10.25,0.921065,260.1
"552",1.3754,3.262,9.99,0.870322,257.2
"553",1.3645,3.1623,9.655,0.826105,255.1
"554",1.372,3.1078,9.506,0.815993,253.05
"555",1.374,3.1418,9.592,0.826651,254.7
"556",1.3563,3.022,9.211,0.780031,248.9
"557",1.3686,3.1275,9.56,0.81103,250.1
"558",1.3686,3.156,9.623,0.813935,252.35
"559",1.3854,3.1878,9.5325,0.826173,252.7
"560",1.3732,3.0835,9.415,0.793651,250.15
"561",1.3695,3.072,9.375,0.787774,250.4
"562",1.3816,3.109,9.475,0.796622,251.65
"563",1.3705,3.0671,9.346,0.789889,249.6
"564",1.3689,3.082,9.388,0.791077,249.7
"565",1.3646,3.0048,9.165,0.762021,246.8
"566",1.3625,3.0617,9.33,0.77694,249.1
"567",1.3568,3.0423,9.2625,0.766636,248.15
"568",1.3524,2.9345,8.943,0.718907,244.35
"569",1.3475,2.8518,8.631,0.707414,237.65
"570",1.3528,2.8734,8.723,0.711491,238.7
"571",1.3542,2.7884,8.4995,0.699937,236.65
"572",1.3618,2.8612,8.7105,0.749906,238.95
"573",1.3568,2.793,8.456,0.722961,237.5
"574",1.3544,2.7813,8.4995,0.719787,237.35
"575",1.3599,2.7683,8.4535,0.712606,237.15
"576",1.3684,2.8441,8.6775,0.72722,239.7
"577",1.3726,2.9388,8.9635,0.75815,242.9
"578",1.3785,2.9095,8.854,0.750469,241.7
"579",1.3597,2.716,8.2905,0.701262,229.5
"580",1.3645,2.641,8.054,0.704722,213.15
"581",1.3651,2.6418,8.048,0.705069,217.5
"582",1.3711,2.6813,8.173,0.708316,216.15
"583",1.3641,2.6372,8.0325,0.697204,215.65
"584",1.3658,2.6166,7.974,0.692857,211.7
"585",1.3763,2.6048,7.929,0.696427,206.5
"586",1.3797,2.6107,7.952,0.703532,204.7
"587",1.3777,2.5888,7.911,0.695652,202.9
"588",1.378,2.5495,7.77,0.680782,200.9
"589",1.3888,2.5224,7.682,0.673491,204.25
"590",1.392,2.5466,7.777,0.698959,203.7
"591",1.3957,2.5103,7.712,0.701016,201.6
"592",1.401,2.443,7.505,0.688231,202.3
"593",1.401,2.4424,7.488,0.691898,201.55
"594",1.4074,2.469,7.5717,0.695217,202.35
"595",1.4045,2.462,7.557,0.710581,202.4
"596",1.4151,2.383,7.33,0.714898,194
"597",1.4274,2.4061,7.3735,0.720202,192.15
"598",1.3988,2.3605,7.2405,0.705219,186.7
"599",1.392,2.3105,7.092,0.691419,178.7
"600",1.3943,2.2438,6.9025,0.672314,182
"601",1.411,2.221,6.824,0.681756,179.3
"602",1.3975,2.2667,6.979,0.675904,179.7
"603",1.3887,2.2609,6.9585,0.677048,176.8
"604",1.4023,2.3506,7.228,0.683995,180.05
"605",1.3923,2.3785,7.273,0.680504,178.45
"606",1.3823,2.3264,7.4155,0.684697,179.35
"607",1.39,2.2662,7.2175,0.667958,178.15
"608",1.3936,2.1819,6.9545,0.655738,167.95
"609",1.374,2.1865,6.967,0.647124,168.3
"610",1.3794,2.2057,6.944,0.651042,165.4
"611",1.3779,2.1933,6.987,0.650787,164.7
"612",1.3665,2.2465,7.1575,0.659848,169.2
"613",1.3753,2.2739,7.242,0.664894,169.1
"614",1.393,2.2686,7.2235,0.671592,171.5
"615",1.3885,2.207,7.042,0.652742,166.9
"616",1.3915,2.229,7.1025,0.663834,167.6
"617",1.3858,2.2185,7.081,0.659805,166.75
"618",1.3783,2.1855,6.975,0.648803,163.9
"619",1.3812,2.1798,6.996,0.654236,159.95
"620",1.3758,2.1526,6.9515,0.662471,158.2
"621",1.3894,2.1263,6.86925,0.670556,155.7
"622",1.3834,2.1197,6.87,0.6693,156
"623",1.3822,2.0828,6.755,0.674627,155.15
"624",1.3881,2.069,6.7265,0.672495,154.5
"625",1.3909,2.0509,6.686,0.665292,152.9
"626",1.3965,2.0595,6.74,0.675356,155.1
"627",1.3868,2.0368,6.6705,0.668673,154.6
"628",1.3868,2.0611,6.7395,0.676819,155.4
"629",1.3908,2.0353,6.673,0.678104,156.05
"630",1.3876,2.043,6.685,0.690655,154.15
"631",1.3882,2.0275,6.6405,0.691563,154.3
"632",1.3861,2.0024,6.546,0.701656,154.1
"633",1.389,1.9782,6.4675,0.69604,154
"634",1.3901,1.9817,6.4885,0.696767,155.2
"635",1.3887,2.0275,6.6275,0.707214,159.5
"636",1.3884,2.058,6.7315,0.702839,162.9
"637",1.3856,2.026,6.6305,0.700919,161.8
"638",1.3834,2.0075,6.593,0.706165,162.75
"639",1.385,1.9881,6.511,0.699448,162.5
"640",1.3833,1.9813,6.489,0.698568,162.1
"641",1.3806,2.0202,6.623,0.701951,162.7
"642",1.3787,2.0167,6.603,0.699692,163.9
"643",1.3785,1.9458,6.4725,0.686106,162
"644",1.3805,1.9408,6.348,0.678196,159.1
"645",1.3717,1.9283,6.4245,0.68055,158.3
"646",1.3636,1.8633,6.228,0.670511,155
"647",1.3568,1.8506,6.1835,0.658285,152.5
"648",1.3381,1.7754,5.925,0.647166,150.7
"649",1.3257,1.8123,6.0515,0.656814,152.45
"650",1.3439,1.8155,6.049,0.655738,153.8
"651",1.3305,1.8258,6.092,0.652955,153.4
"652",1.3303,1.8248,6.074,0.649562,153.65
"653",1.3325,1.8304,6.092,0.63906,153.45
"654",1.3262,1.858,6.1825,0.626684,153.63
"655",1.313,1.8371,6.117,0.62251,151.8
"656",1.311,1.8243,6.0675,0.620232,149.2
"657",1.3092,1.8188,6.0525,0.623947,147
"658",1.3074,1.8348,6.1105,0.619195,145.5
"659",1.3245,1.8085,6.024,0.613799,140.95
"660",1.3304,1.8205,6.053,0.613912,142.7
"661",1.336,1.7989,6.0015,0.604412,139.5
"662",1.3363,1.7769,5.9385,0.594707,139.1
"663",1.3392,1.7959,5.9955,0.599844,140.3
"664",1.346,1.7697,5.922,0.592242,139.45
"665",1.3465,1.8233,6.071,0.619003,143.8
"666",1.3431,1.8048,6.035,0.609125,142.5
"667",1.3394,1.7877,5.976,0.599808,141.9
"668",1.3406,1.8238,6.093,0.613309,145
"669",1.3336,1.8219,6.083,0.617284,145.95
"670",1.3301,1.8222,6.0835,0.616257,146.45
"671",1.3243,1.8454,6.148,0.618812,150.4
"672",1.3234,1.849,6.1565,0.619771,151.31
"673",1.3211,1.8601,6.1915,0.626684,151.55
"674",1.3325,1.8552,6.1725,0.624883,150.25
"675",1.3248,1.8789,6.26,0.633313,151.65
"676",1.3314,1.8986,6.334,0.637024,151.45
"677",1.3306,1.8459,6.177,0.621581,145.2
"678",1.3221,1.8267,6.1,0.619886,143.35
"679",1.3151,1.808,6.051,0.607534,141
"680",1.3203,1.7928,5.9995,0.6027,141.4
"681",1.3175,1.8123,6.0445,0.607903,143.65
"682",1.3174,1.8291,6.098,0.611509,143.8
"683",1.3091,1.8383,6.118,0.61361,146.35
"684",1.3051,1.8255,6.078,0.610128,146.6
"685",1.3058,1.8228,6.033,0.607903,144.05
"686",1.3141,1.8041,6.025,0.603974,143.95
"687",1.3179,1.7491,5.8635,0.583942,140.7
"688",1.3233,1.709,5.812,0.571886,137.05
"689",1.3174,1.6648,5.714,0.559503,134.4
"690",1.3148,1.6791,5.751,0.568085,136
"691",1.31,1.6724,5.6615,0.558753,134.6
"692",1.3128,1.6575,5.633,0.553097,133.7
"693",1.3073,1.659,5.6235,0.553587,132.55
"694",1.3083,1.6313,5.52925,0.547226,127.4
"695",1.3066,1.6375,5.5385,0.548697,126.3
"696",1.303,1.5969,5.4135,0.538793,123.6
"697",1.2892,1.646,5.579,0.552486,127.9
"698",1.2887,1.6269,5.492,0.545256,126.2
"699",1.2824,1.6634,5.6145,0.558036,128.65
"700",1.2787,1.6739,5.6425,0.563095,127.5
"701",1.2749,1.6895,5.697,0.566572,127.9
"702",1.2694,1.6909,5.7135,0.568602,129.1
"703",1.2657,1.7114,5.7825,0.57323,130.4
"704",1.2644,1.6931,5.728,0.566091,128.65
"705",1.2556,1.6886,5.719,0.563857,128.45
"706",1.2532,1.6692,5.655,0.542594,128.1
"707",1.2514,1.6701,5.681,0.540979,127.45
"708",1.2434,1.6945,5.7555,0.545405,127.05
"709",1.2362,1.6689,5.6565,0.536971,125.65
"710",1.2406,1.6678,5.6605,0.531858,125
"711",1.2383,1.6929,5.742,0.542241,126.9
"712",1.2283,1.6626,5.6465,0.527732,124
"713",1.2283,1.6789,5.698,0.534245,125
"714",1.2354,1.6809,5.715,0.536481,124.95
"715",1.2315,1.6773,5.6935,0.530363,124.2
"716",1.2408,1.7046,5.771,0.53812,125.6
"717",1.2431,1.7023,5.748,0.536107,124.3
"718",1.2319,1.721,5.8165,0.546956,125.25
"719",1.2227,1.715,5.795,0.548908,125.3
"720",1.2156,1.7489,5.899,0.55966,126.3
"721",1.2104,1.7665,5.9695,0.563762,126.95
"722",1.2171,1.8248,6.1475,0.58548,133.1
"723",1.207,1.823,6.1345,0.583328,133.7
"724",1.2086,1.8402,6.205,0.589971,132.5
"725",1.1955,1.8498,6.2475,0.584864,133
"726",1.2071,1.8693,6.307,0.586166,132.5
"727",1.2024,1.8773,6.3255,0.586339,132.9
"728",1.2264,1.9205,6.487,0.592593,135.05
"729",1.2322,1.8984,6.428,0.58744,133.25
"730",1.2317,1.896,6.435,0.594707,134.4
"731",1.2398,1.8748,6.365,0.594707,135
"732",1.2389,1.8417,6.275,0.586236,134.65
"733",1.2225,1.8543,6.324,0.591261,133.5
"734",1.2182,1.8747,6.3705,0.596766,134.1
"735",1.2205,1.8793,6.3985,0.593472,134.4
"736",1.2073,1.8653,6.354,0.590772,133.43
"737",1.2101,1.8432,6.2725,0.578872,131.15
"738",1.1994,1.8084,6.1745,0.57143,127.35
"739",1.1987,1.7911,6.091,0.570613,126.7
"740",1.2272,1.7814,6.078,0.56392,124.6
"741",1.2323,1.7727,6.0555,0.560915,125.7
"742",1.231,1.719,5.963,0.553281,123.5
"743",1.1998,1.7225,5.886,0.546657,121.15
"744",1.1886,1.7354,5.936,0.541389,121.75
"745",1.2003,1.7483,5.9645,0.540628,122.5
"746",1.2001,1.7472,5.941,0.549662,123.35
"747",1.2002,1.7732,6.055,0.554232,124.4
"748",1.1948,1.7893,6.117,0.559034,125.15
"749",1.1918,1.7783,6.085,0.550813,124.1
"750",1.2007,1.8284,6.232,0.563539,126.75
"751",1.1937,1.8595,6.3455,0.567054,127.9
"752",1.1852,1.8419,6.275,0.564717,127.6
"753",1.1896,1.8697,6.375,0.571527,130.4
"754",1.1851,1.8725,6.3715,0.574317,129.5
"755",1.1803,1.8429,6.2765,0.565036,126
"756",1.1955,1.8406,6.276,0.573,126.6
"757",1.1997,1.8373,6.2575,0.577201,127.5
"758",1.2016,1.8539,6.3055,0.581125,128.8
"759",1.1948,1.8652,6.319,0.58045,129.85
"760",1.1897,1.8744,6.351,0.581497,131.2
"761",1.1949,1.893,6.392,0.593225,133.3
"762",1.1896,1.8741,6.326,0.588582,131.3
"763",1.1887,1.8853,6.3655,0.591436,132.67
"764",1.1867,1.8605,6.3005,0.584249,131.9
"765",1.19,1.87,6.3295,0.589275,131.4
"766",1.1832,1.8906,6.383,0.59393,134.5
"767",1.1848,1.9078,6.4435,0.599593,134.4
"768",1.1923,1.9439,6.583,0.611173,137.55
"769",1.2005,2.01,6.811,0.636659,142.9
"770",1.2057,1.9858,6.745,0.635607,142.7
"771",1.197,1.9663,6.6785,0.634035,142.75
"772",1.1991,2.0228,6.856,0.657678,148.1
"773",1.1967,1.9894,6.7475,0.651763,144.8
"774",1.1966,1.9651,6.6745,0.639591,143.45
"775",1.1912,1.9113,6.4825,0.625978,140.2
"776",1.1897,1.8798,6.378,0.61546,140.6
"777",1.1887,1.9015,6.4515,0.617665,142.1
"778",1.1864,1.8823,6.383,0.608643,141.45
"779",1.1755,1.8496,6.269,0.601685,136
"780",1.1714,1.897,6.415,0.617208,138.6
"781",1.1787,1.9424,6.566,0.634035,141.65
"782",1.1759,1.9429,6.5775,0.634236,142.4
"783",1.176,1.9376,6.5275,0.63012,143.1
"784",1.1802,1.9785,6.667,0.645703,146.95
"785",1.1856,1.9808,6.673,0.64433,147.2
"786",1.1827,1.9485,6.581,0.635284,146.25
"787",1.1744,1.9039,6.449,0.621697,142.85
"788",1.1747,1.8766,6.3685,0.622316,141.3
"789",1.1754,1.9146,6.4835,0.643501,144.7
"790",1.1737,1.8467,6.277,0.629525,142.2
"791",1.1749,1.8392,6.248,0.621118,141.65
"792",1.1741,1.841,6.2715,0.633794,142.9
"793",1.1695,1.8414,6.2405,0.629842,142.9
"794",1.1731,1.8411,6.2515,0.63114,143.3
"795",1.17,1.8166,6.157,0.636254,143.85
"796",1.1657,1.7808,6.0735,0.63955,143.5
"797",1.1605,1.7793,6.0705,0.63593,143.7
"798",1.1594,1.726,5.905,0.622549,143.8
"799",1.1616,1.7438,5.961,0.624727,143.95
"800",1.1588,1.6895,5.79,0.613799,142.1
"801",1.1611,1.7141,5.8595,0.62027,145.5
"802",1.1586,1.6752,5.6995,0.601757,145.65
"803",1.1637,1.6958,5.7625,0.606318,145.45
"804",1.1851,1.6869,5.733,0.602954,146
"805",1.1856,1.6826,5.716,0.594248,144.15
"806",1.1935,1.6508,5.633,0.586063,145.15
"807",1.2069,1.6755,5.6995,0.590737,144.3
"808",1.201,1.6663,5.6575,0.583022,145.3
"809",1.1922,1.6918,5.725,0.593578,148.4
"810",1.1852,1.7038,5.7615,0.609496,150.75
"811",1.1738,1.7127,5.792,0.622937,151.9
"812",1.1769,1.7046,5.755,0.627274,155.1
"813",1.1761,1.7133,5.76,0.615082,158.5
"814",1.1673,1.6983,5.707,0.60931,159.35
"815",1.165,1.6756,5.639,0.609125,157.6
"816",1.1622,1.6802,5.6465,0.611696,160.1
"817",1.1603,1.6944,5.682,0.614326,158.95
"818",1.1672,1.6869,5.656,0.610314,158.45
"819",1.1661,1.6426,5.537,0.595345,157.25
"820",1.1756,1.6481,5.559,0.596374,151.85
"821",1.1834,1.6639,5.6085,0.589275,151.4
"822",1.1777,1.6728,5.638,0.585926,150.95
"823",1.1726,1.6862,5.6835,0.592839,152.45
"824",1.172,1.694,5.6985,0.586166,154.6
"825",1.1724,1.6781,5.6395,0.581227,153.9
"826",1.1706,1.6636,5.5855,0.573493,154.25
"827",1.1621,1.6456,5.526,0.559284,150.2
"828",1.1593,1.6462,5.53,0.553771,148.45
"829",1.1528,1.6434,5.515,0.548546,147.3
"830",1.1516,1.624,5.445,0.552853,149.05
"831",1.1533,1.5904,5.3395,0.538358,146.25
"832",1.1487,1.5929,5.348,0.533903,150.25
"833",1.1434,1.5592,5.251,0.525431,148
"834",1.1362,1.5575,5.242,0.520562,146.85
"835",1.1377,1.5547,5.205,0.513743,143.4
"836",1.1528,1.5672,5.242,0.527371,142.4
"837",1.1624,1.5862,5.3065,0.537634,139.2
"838",1.1573,1.5526,5.1975,0.522248,138.6
"839",1.1536,1.5704,5.2635,0.536913,136.9
"840",1.1516,1.5315,5.198,0.528262,136.5
"841",1.15,1.5286,5.117,0.508518,129.4
"842",1.1647,1.5058,5.0465,0.506971,126.05
"843",1.1685,1.5184,5.0795,0.514192,128.25
"844",1.1674,1.5191,5.0885,0.514007,129.35
"845",1.1627,1.4858,4.9865,0.507279,128.4
"846",1.164,1.4776,4.974,0.509372,129.6
"847",1.1586,1.4799,4.976,0.50782,128.45
"848",1.1651,1.4772,4.988,0.505255,128.25
"849",1.1626,1.495,5.058,0.516209,133.45
"850",1.1602,1.475,5.007,0.513558,132
"851",1.1592,1.4782,5.046,0.516742,133.1
"852",1.1609,1.5344,5.2125,0.53135,136.25
"853",1.1571,1.4938,5.082,0.516796,133.35
"854",1.1557,1.5295,5.1945,0.523287,136.85
"855",1.1485,1.543,5.2475,0.524659,136.3
"856",1.1587,1.4966,5.098,0.514007,132.6
"857",1.1602,1.4935,5.067,0.510595,131.7
"858",1.1577,1.4552,4.96,0.501882,129
"859",1.1532,1.4575,4.966,0.502386,128.7
"860",1.1532,1.4907,5.0745,0.512033,131.35
"861",1.1515,1.5246,5.181,0.52233,132.75
"862",1.1598,1.5433,5.2545,0.529661,136.65
"863",1.154,1.5726,5.363,0.538213,136.5
"864",1.1583,1.658,5.6515,0.565771,138.45
"865",1.1607,1.6874,5.7665,0.570125,138.35
"866",1.1555,1.6722,5.674,0.562651,137.75
"867",1.1518,1.6697,5.655,0.559597,135.1
"868",1.151,1.6693,5.639,0.560224,134.7
"869",1.1545,1.735,5.854,0.584454,137.3
"870",1.1518,1.7325,5.852,0.575635,136.45
"871",1.1519,1.7308,5.837,0.581058,137.95
"872",1.1497,1.695,5.753,0.573559,137.95
"873",1.149,1.7144,5.8225,0.576702,137.4
"874",1.1469,1.6955,5.76,0.573394,137.7
"875",1.1455,1.7517,5.933,0.591891,139.1
"876",1.1452,1.7707,5.999,0.604595,141.2
"877",1.1424,1.8107,6.152,0.619963,140.95
"878",1.1417,1.7943,6.096,0.613874,138.5
"879",1.1423,1.832,6.208,0.623441,139.2
"880",1.1477,1.8214,6.177,0.618812,138.7
"881",1.1474,1.7965,6.1,0.607903,137.1
"882",1.1523,1.7492,5.945,0.593825,137.15
"883",1.1517,1.7458,5.938,0.593648,137.8
"884",1.1472,1.7154,5.8365,0.585138,135.8
"885",1.1442,1.7398,5.921,0.59312,136.35
"886",1.1438,1.7803,6.03,0.604595,137.3
"887",1.1406,1.7573,5.9645,0.596659,137.15
"888",1.1416,1.737,5.905,0.590145,135.9
"889",1.1377,1.6978,5.775,0.579475,134.8
"890",1.137,1.682,5.7325,0.576535,133.92
"891",1.1343,1.6788,5.716,0.575706,133.3
"892",1.1309,1.6623,5.659,0.570613,133.2
"893",1.1292,1.7039,5.801,0.5871,130.45
"894",1.1307,1.7042,5.8015,0.585652,129.9
"895",1.1271,1.7059,5.8205,0.586063,131.35
"896",1.1227,1.6788,5.75,0.575706,131
"897",1.1238,1.6375,5.594,0.563539,130.25
"898",1.132,1.638,5.595,0.564653,130
"899",1.136,1.6054,5.4745,0.55788,129.7
"900",1.137,1.6103,5.503,0.563857,129.35
"901",1.1351,1.604,5.484,0.562272,129.1
"902",1.1406,1.5888,5.422,0.555494,129.3
"903",1.1465,1.5687,5.3605,0.546837,128.35
"904",1.1601,1.517,5.1725,0.533049,126.7
"905",1.1513,1.5177,5.1875,0.53234,124.1
"906",1.1429,1.5135,5.161,0.532567,124
"907",1.156,1.6205,5.524,0.568343,126.1
"908",1.1546,1.585,5.4055,0.553097,123.55
"909",1.1721,1.5895,5.416,0.55457,125.15
"910",1.1796,1.5881,5.4075,0.55371,126.15
"911",1.1819,1.6021,5.455,0.558129,126.95
"912",1.1879,1.6466,5.60075,0.570777,127.85
"913",1.1806,1.6575,5.6065,0.574878,129.8
"914",1.1917,1.6627,5.643,0.577201,131.1
"915",1.1943,1.6777,5.695,0.584385,133.3
"916",1.1932,1.6502,5.607,0.577434,132.8
"917",1.189,1.6562,5.62,0.578872,134
"918",1.1913,1.6528,5.607,0.579643,132.7
"919",1.189,1.6256,5.5065,0.571854,133.1
"920",1.1797,1.6525,5.589,0.566797,133.15
"921",1.1861,1.6666,5.629,0.568667,134.35
"922",1.1939,1.6544,5.5785,0.563381,132.75
"923",1.1967,1.6344,5.508,0.559284,132.6
"924",1.205,1.6161,5.4295,0.5493,130.8
"925",1.1955,1.5962,5.369,0.545108,129.3
"926",1.2023,1.6334,5.4815,0.554785,129.75
"927",1.2004,1.6071,5.4165,0.549089,127
"928",1.1947,1.5961,5.37025,0.546359,127.75
"929",1.196,1.5682,5.285,0.537288,126.45
"930",1.1963,1.5617,5.2575,0.535848,127.05
"931",1.2023,1.5163,5.101,0.523505,125.45
"932",1.1913,1.4793,5.0225,0.515597,123.9
"933",1.1927,1.4836,5.006,0.520779,125.25
"934",1.1903,1.4885,5.019,0.524576,125.37
"935",1.187,1.4734,4.979,0.518189,127.7
"936",1.1828,1.4778,4.9915,0.522302,127.25
"937",1.191,1.469,4.9785,0.519697,127.95
"938",1.1976,1.4587,4.949,0.518672,126.55
"939",1.1907,1.404,4.795,0.503094,124.85
"940",1.1968,1.387,4.738,0.497959,122.5
"941",1.2149,1.4042,4.7875,0.503525,122.7
"942",1.2216,1.4936,5.1195,0.537634,124.25
"943",1.2418,1.515,5.1485,0.591541,122.7
"944",1.248,1.4093,4.765,0.560947,119.2
"945",1.2484,1.4272,4.832,0.578537,119.5
"946",1.2483,1.4684,4.9665,0.585754,121.1
"947",1.2378,1.5134,5.13,0.619502,122.45
"948",1.2396,1.5346,5.2075,0.630637,122.05
"949",1.2455,1.5645,5.2865,0.642674,123.2
"950",1.2631,1.5945,5.3975,0.659544,123.95
"951",1.2753,1.5845,5.341,0.657808,124.3
"952",1.283,1.5917,5.39,0.655223,123.75
"953",1.2812,1.5794,5.367,0.649562,124.35
"954",1.2728,1.5736,5.3655,0.639427,123.9
"955",1.2784,1.5594,5.329,0.635849,123.98
"956",1.2601,1.5921,5.432,0.652316,123.7
"957",1.2683,1.614,5.506,0.660633,124.4
"958",1.278,1.6305,5.5655,0.648719,124.85
"959",1.2818,1.6327,5.5325,0.647878,125.7
"960",1.2799,1.6043,5.424,0.647585,125.5
"961",1.2698,1.5828,5.352,0.658328,124
"962",1.2664,1.6432,5.565,0.69701,124.45
"963",1.2657,1.6438,5.5695,0.695556,121.4
"964",1.2614,1.6277,5.52,0.68918,119.8
"965",1.2622,1.6145,5.492,0.693001,117
"966",1.2467,1.6395,5.554,0.687521,117
"967",1.246,1.6663,5.657,0.697935,117.75
"968",1.2516,1.6631,5.6515,0.689798,116.95
"969",1.2443,1.6327,5.555,0.675676,115.95
"970",1.2572,1.6143,5.4789,0.665115,116.35
"971",1.261,1.6101,5.4515,0.658545,114.05
"972",1.263,1.586,5.3635,0.641561,113.45
"973",1.2578,1.6039,5.413,0.649562,110.3
"974",1.2733,1.5924,5.364,0.637065,111.9
"975",1.2706,1.5735,5.3035,0.636213,110.15
"976",1.2743,1.6104,5.4295,0.649646,111.4
"977",1.2675,1.6173,5.472,0.64893,111.55
"978",1.264,1.6273,5.4825,0.646329,108.75
"979",1.2713,1.594,5.377,0.64704,107
"980",1.2804,1.6308,5.488,0.657808,106
"981",1.28,1.6444,5.5357,0.660153,105.8
"982",1.2805,1.7032,5.7225,0.680041,111
"983",1.2823,1.6882,5.695,0.662822,106.75
"984",1.2844,1.6998,5.7445,0.665026,108.75
"985",1.2828,1.7258,5.854,0.670331,107.85
"986",1.277,1.697,5.8,0.658979,108.2
"987",1.2835,1.7202,5.8665,0.671141,106.3
"988",1.2878,1.7088,5.9035,0.665247,104.9
"989",1.3006,1.714,6.0245,0.679532,104.15
"990",1.3198,1.6927,5.9425,0.671006,101.45
"991",1.3143,1.6848,5.8645,0.668673,104.5
"992",1.3226,1.6675,5.8415,0.669568,104.9
"993",1.3186,1.6172,5.6855,0.649435,104.3
"994",1.3125,1.6033,5.575,0.648635,104.8
"995",1.3187,1.6335,5.6725,0.660066,106.25
"996",1.3285,1.6092,5.6265,0.66212,105.25
"997",1.3353,1.6286,5.687,0.659761,105.8
"998",1.3294,1.5992,5.6475,0.655953,105.75
"999",1.3214,1.6491,5.817,0.67245,106.95
"1000",1.3185,1.6748,5.858,0.674582,108.2
"1001",1.3091,1.6958,5.9155,0.675219,107.7
"1002",1.3084,1.6919,5.9105,0.679948,107.7
"1003",1.3161,1.7085,5.9185,0.677186,107
"1004",1.3286,1.7002,5.895,0.671592,108.05
"1005",1.3334,1.7207,5.9365,0.677048,108.9
"1006",1.3229,1.7071,5.863,0.669792,107.7
"1007",1.3329,1.7168,5.863,0.672947,109.35
"1008",1.334,1.7046,5.813,0.671366,111.3
"1009",1.3333,1.7112,5.836,0.666889,111.65
"1010",1.318,1.7347,5.893,0.672857,113.2
"1011",1.3207,1.7392,5.9055,0.668003,112.2
"1012",1.3107,1.7465,5.9275,0.670601,111
"1013",1.3131,1.748,5.9325,0.668315,110.3
"1014",1.3275,1.7301,5.882,0.66769,108.3
"1015",1.3443,1.7597,5.9725,0.684463,108
"1016",1.3507,1.7266,5.8785,0.67769,103.65
"1017",1.3397,1.7278,5.871,0.67714,105
"1018",1.353,1.6978,5.7925,0.668807,104.4
"1019",1.3518,1.7089,5.815,0.670601,105.2
"1020",1.3624,1.697,5.7675,0.672812,105.95
"1021",1.3641,1.6912,5.7695,0.67245,106.05
"1022",1.3792,1.6787,5.733,0.676773,103.2
"1023",1.3839,1.7134,5.86,0.680689,104.45
"1024",1.3759,1.7177,5.8788,0.678426,103.7
"1025",1.3856,1.6974,5.8724,0.674582,103.3
"1026",1.375,1.6744,5.7513,0.664099,102.7
"1027",1.386,1.6468,5.6525,0.66291,103
"1028",1.3777,1.674,5.76,0.671366,104.15
"1029",1.3776,1.6644,5.7005,0.664364,104.45
"1030",1.3825,1.6548,5.654,0.664011,104.65
"1031",1.3857,1.6436,5.62,0.660589,104.75
"1032",1.3753,1.6661,5.6845,0.662383,104.33
"1033",1.3889,1.6428,5.5975,0.657592,103
"1034",1.3846,1.599,5.475,0.650787,101.15
"1035",1.3838,1.584,5.42,0.645661,99.2
"1036",1.3845,1.576,5.41,0.647752,98.75
"1037",1.3813,1.5333,5.257,0.637349,97.4
"1038",1.3813,1.5765,5.3965,0.647878,99.2
"1039",1.3794,1.5793,5.393,0.653723,98.05
"1040",1.3881,1.5871,5.4185,0.651466,100.3
"1041",1.3748,1.5773,5.3955,0.650195,101.2
"1042",1.3766,1.5608,5.357,0.650406,100.8
"1043",1.3743,1.5424,5.292,0.644039,97.7
"1044",1.3711,1.583,5.416,0.65189,99.55
"1045",1.3682,1.5435,5.312,0.645494,98.95
"1046",1.3511,1.5378,5.2685,0.637877,98.6
"1047",1.3425,1.55,5.2965,0.634317,97.9
"1048",1.3409,1.5478,5.277,0.633433,98.05
"1049",1.3471,1.545,5.274,0.630636,99.6
"1050",1.3472,1.5423,5.2785,0.632511,100.2
"1051",1.3546,1.4989,5.1515,0.61778,97.65
"1052",1.3472,1.4977,5.1225,0.611808,97.05
"1053",1.3552,1.4966,5.1295,0.610799,96.45
"1054",1.3533,1.5287,5.2575,0.623714,96.9
"1055",1.3649,1.5484,5.343,0.635445,98.6
"1056",1.3736,1.5484,5.3205,0.635001,98.4
"1057",1.3752,1.5708,5.388,0.64,98.92
"1058",1.3796,1.5695,5.388,0.638488,99.8
"1059",1.3872,1.5724,5.422,0.640082,100.4
"1060",1.3943,1.5711,5.4215,0.641313,100.27
"1061",1.4031,1.5761,5.44,0.646412,100.45
"1062",1.4026,1.5604,5.3755,0.64082,100.98
"1063",1.414,1.536,5.307,0.639795,99.85
"1064",1.4251,1.5262,5.279,0.634719,98.92
"1065",1.4147,1.5075,5.2175,0.625313,99.6
"1066",1.4105,1.5245,5.2895,0.632831,99.35
"1067",1.3984,1.5338,5.3045,0.644953,99.4
"1068",1.4043,1.5085,5.233,0.639468,98.55
"1069",1.3984,1.4757,5.161,0.632311,97.15
"1070",1.3964,1.466,5.1545,0.623511,96.5
"1071",1.4125,1.3755,4.917,0.60957,89.15
"1072",1.4156,1.4109,5.0105,0.630915,90.45
"1073",1.4025,1.414,4.9945,0.630795,89.03
"1074",1.4032,1.378,4.8805,0.620232,88.5
"1075",1.392,1.3722,4.801,0.619579,86.4
"1076",1.3773,1.4027,4.8705,0.628812,83.4
"1077",1.3709,1.362,4.821,0.619694,80.3
"1078",1.363,1.3825,4.872,0.622084,82.6
"1079",1.3641,1.3746,4.905,0.619848,83.1
"1080",1.3567,1.3804,4.8575,0.628536,83.4
"1081",1.3565,1.4345,5.088,0.636416,86.3
"1082",1.3651,1.4458,5.1425,0.637146,87.27
"1083",1.3696,1.3887,4.885,0.623441,83.2
"1084",1.3802,1.4107,4.958,0.628773,84.7
"1085",1.3813,1.4075,4.9355,0.625391,84.6
"1086",1.3759,1.3945,4.8865,0.62348,84.4
"1087",1.3761,1.3967,4.885,0.631832,85.4
"1088",1.3699,1.385,4.844,0.627549,84.85
"1089",1.3552,1.4058,4.884,0.627825,87.6
"1090",1.3601,1.3866,4.8235,0.627471,87.5
"1091",1.3576,1.393,4.83,0.627431,87.85
"1092",1.3569,1.3878,4.795,0.622937,88.9
"1093",1.3603,1.4084,4.87,0.625117,91.6
"1094",1.3584,1.4758,5.0535,0.643791,98.4
"1095",1.358,1.4843,5.0785,0.650787,97.2
"1096",1.338,1.4766,5.076,0.647124,98.3
"1097",1.3391,1.4765,5.091,0.645661,98.7
"1098",1.3543,1.4855,5.119,0.645161,101.9
"1099",1.3608,1.4834,5.0965,0.646454,104.25
"1100",1.3493,1.4333,4.928,0.638366,100.65
"1101",1.3308,1.4378,4.96,0.632831,101.5
"1102",1.3371,1.4207,4.9735,0.633673,100.7
"1103",1.339,1.411,4.987,0.634719,100.05
"1104",1.3664,1.3968,4.9015,0.632791,100.4
"1105",1.3475,1.4113,4.9005,0.632991,102.2
"1106",1.3572,1.4157,4.882,0.632391,103.1
"1107",1.3554,1.4011,4.85,0.639877,101.3
"1108",1.3529,1.4087,4.863,0.641437,101.4
"1109",1.3585,1.4369,4.9225,0.651126,101.3
"1110",1.3654,1.4387,4.9665,0.649351,101.4
"1111",1.3762,1.4506,5.0205,0.652742,101.62
"1112",1.3671,1.4416,4.9605,0.649815,102
"1113",1.3595,1.435,4.911,0.643708,102.5
"1114",1.3525,1.4374,4.915,0.643542,105.15
"1115",1.3647,1.4398,4.93,0.64704,104.4
"1116",1.3687,1.4617,5.0015,0.651593,106.1
"1117",1.3702,1.485,5.091,0.662032,106.25
"1118",1.3743,1.4918,5.1215,0.663702,107.25
"1119",1.3659,1.4758,5.07,0.650745,105.8
"1120",1.3787,1.4698,5.066,0.649435,106.75
"1121",1.3785,1.4526,5.014,0.647878,105.25
"1122",1.3748,1.4563,4.998,0.649984,104.4
"1123",1.3716,1.4782,5.0585,0.654108,105.25
"1124",1.3675,1.4724,5.0405,0.656685,105.3
"1125",1.3597,1.4734,5.044,0.650533,106.38
"1126",1.3633,1.4836,5.0725,0.65716,106.4
"1127",1.3569,1.4811,5.0465,0.655308,107.2
"1128",1.3568,1.4975,5.097,0.657722,108.25
"1129",1.3564,1.5092,5.123,0.663834,108.42
"1130",1.3618,1.5224,5.14,0.660589,106.5
"1131",1.3623,1.5343,5.193,0.667646,105.25
"1132",1.3681,1.5246,5.135,0.661157,105.35
"1133",1.3683,1.5319,5.1955,0.659239,105.9
"1134",1.3722,1.5417,5.2195,0.66212,107.3
"1135",1.3715,1.547,5.237,0.65937,108.8
"1136",1.3657,1.5318,5.191,0.646747,108.9
"1137",1.3666,1.537,5.208,0.651169,109.35
"1138",1.368,1.5158,5.154,0.647291,107.95
"1139",1.3609,1.5298,5.1745,0.648929,109.15
